Qing,Zhang,
Yu,Guo,
Joy,Zhang,
Fan,Jiang,
Brendan,Collins,
Shijing,James,Yao
Timothy,Young,
Liang,Wu,
Chen-Hung,Wu,
Thomas,Legrand,
Teng,Wang,
Jieying,Chen,
Shane,Shown,
Congkai,Sun,
Reid,Hoffman,
Lanbo,Zhang,
Peng,Ye,
Evan,Cox,
Sam,Nolen,
Hangjun,Xu,
Elena,Grewal#,Ph.D.
Christopher,Mitcheltree,
Yashar,Mehdad,
Fan,(Frank),Yang
Mihajlo,Grbovic,
Jeff,Feng,
Ganesh,Venkataraman,
Desirree,Madison-Biggs#,CCXP
Arthur,Caillau,
Fan,(Felicia),Heng
Haibin,Cheng,
Michael,Curtis,
Kapil,Gupta,
Yuan,Tian,
Marc,Blanchou,
Daniel,Loreto,
Michael,Terry,
Yurong,(Wendy),Shi
Joseph,Ferrer,
Michelle,Riehle,
Bar,Ifrach,
Joseph,Bussing,
Milan,Shen,
Ricardo,Bion,
Max,Charkov,
Surabhi,Gupta,
Kate,Shaw,
Phillippe,Siclait,
Mike,Lewis,
Nilesh,Dalvi,
Varant,Zanoyan,
Raghavan,Lakshmana,
Clay,Schubiner,
Shawn,Twomey,
Sukhada,Palkar,
Cathy,Miller,
Mick,(Arunesh),Gupta
Ye,Wang,
Rensheng,(Roger),Zhou
Tao,Xu,
Lisa,Qian,
Fatemeh,Alavizadeh,
Dmitry,Alexeenko,
Bohan,Ren,
Dmitry,Stavitsky,
James,Deslonde,
Salvatore,Giammarresi,
Chirag,Mahapatra,
Jie,Feng,
Kwan-I,Lee,
Joe,DiVita,
Sharan,Srinivasan,
Christopher,Waites,
Xin,(Cindy),Chen
Negin,Nejati,
Steve,Rafferty,
Stacy,Ho,
Raul,Delgado,Sanchez
Liang,Zhang,
Eeway,Hsu,
Veronica,Wharton,
Angeli,Jain,
Aaron,Siegel,
Rishi,Sundaresan,
David,Kreutzer,
Hang,Li,
Paul,Luning,
Susan,Biancani,
Charlie,Jiang,
Michael,M.,
Ari,Steinberg,
Shih-Ho,Cheng,
Xing,Xing,
Gaurav,Mathur,
Shirley,Lin,
Yuyan,(Lydia),Tang
Anish,Das,Sarma
John,Du,
Taylor,Sather,
Michael,Gump,
Xinyi,Cui,
Lian,Eoyang,
Alexander,Katz,
Ankit,Agarwal,
Ray,Z.,
Jennie,Zheng,
Bipin,Suresh,
Flynn,Heiss,
Pai,Liu,
Cherly,Ferdinand,
Xin,Qi,
Dai,Li,
Siyu,Chen,
David,Zhang,
Tina,Li,
Yang,Jiahuan,
Cindy,Xide,Lin
Han,Shu,(We're
Songyang,Li,
Kelly(Yuwei),Peng,
Yan,Li,
Haoran,Cheng,
Dan,Davydov,
Clint,Kelly,
Yin,Lou,
Yizheng,Cai,
Richard,Gong,
Evan,Sheng,
Jingwen,Qiang,
Evgeny,Shapiro,
Richard,Dunn,
Hogyeong,Jeong,
Ruben,Lobel,
David,Press,
Rob,J.,Wang
XIN,JIN,
Robert,Chang,
Stephanie,Djidjev,
Matthieu,Couturier,
Conghui(Bella),Yang,
Bruce,Sherrod,
Lauren,Chircus,
Alexandra,Mirina,
Kedar,Bellare,
Liang-Ting,Jiang,
Allan,Silva,
Zahra,Iman,
Jia,Zhao,
Jess,Zhang,
Linglong,Zhu,
Liuyang,Li,
Angus,Fan,
Jack,Li,
Fred,Artza,
Kelsey,Jiang,
Paul,Baumstarck,
Kun,Yuan,
James,Nichols,
Riccardo,Ulivi,
Yuntao,Jia,
Xu,Ha,
Yuanpei,Cao,
Aaron,Keys,
Luda,Zhao,
Yanxin,Shi,
Wei,Han,
Tyler,Wood,
Samuel,Zhu,
Li,Zhang,
Gaurav,Sehgal,
Alice,Liang,
Naoya,Kanai,
Mariel,Young,
Hong,Lu,
Vivian,Chu,
Ruthie,Berman,
Adrien,Guillo,
Mingzhu,Liu,
Anqi,Dai,
Andrew,Miner,
Mei,C.,
Justin,Tung,‚òÅ
Andrea,Chase,
Julie,Trias,
Katherine,Chen,
Sai,Prudvi,Raju
Hui,Gao,
Xi,(Kevin),Long
Amit,Pahwa,
Laetitia,Jumel,
Qianqian,Zhong,
Kai,Chen,(Akai)
Meng,Yu,
Laurent,Charignon,
John,Q,Smith
Yangbo,Zhu,
You,Jia,
Lei,Shi,
Amelia,Lemionet,
Minyong,Lee,
Christopher,Williams,
Song,Xie,
Yuchen,Aaron,Liu
Ran,Yu,
Xiang,Xiao,
Mengfei,Ren,
Gary,Tang,
Michelle,(Guqian),Du
Tao,Zhu,
Ajay,Somani,
Zhiyang,Guo,
Tao,Tao,
Peggy,Shao,
Hongze,Zhao,
Frank,Lin,
Sarah,Huang,
Tommy,Dang,
Edgar,Rodriguez-Diaz,
George,Roumeliotis,
Will,Hohyon,Ryu
T.P.,Poudel,
Vera,Liu,
Sharlene,Luo,
Weng,Tianhui,
Xiaohan,Zeng,
Tatiana,Xifara,
Hanris,Wu,
Mingfei,Cai,
Sean,O'Donnell,
Josep,Ferrandiz,
Malay,Haldar,
Evelyn,Xiaoying,Shen
Muyang,Yao,
Fei,Nan,
Xu,Zhang,
Yifan,Yang,
Sujith,Vishwajith,
Nicholai,(Haogang),Yu
Stephanie,Pancoast,
Xiaoyang,(Cathleen),Chen
Dongxu,(Derek),Zhou
Wenchang,Zhou,
Alison,Rauh,Ph.D.
Yixia,Mao,
Bradley,Turnbull,
Varun,Sharma,
Ariana,Radianto,
Wei,Zhang,
Lu,Cheng,
Navin,Sivanandam,
Yuanchao,Ma,
Lyle,Mills,
Zhannan,Ge,
Muthiah,M,Muthaia
Josie,Zhang,
Alan,Chen,
Kristiane,Skolmen,
Cory,Mead,
Andy,Bartholomew,
Swapnil,Ralhan,
Anna,Matlin,
Elena,Stefanopol,
Tan,Vachiramon,
Sara,Kwasnick,
Xianxin,Huang,
Dzmitry,Kishylau,
Yichi,L.,
Nick,Barrow-Williams,
Weizhi,Wang,
Francisco,Selame,
Kosta,Ristovski,
SUSHU,ZHANG,
Rhys,Davis,
Haochen,Zhao,
Conglei,Shi,
Wesley,Olmsted,
Yat,Choi,
Jovan,Calvin,
Dezhi,(Andy),Fang
June,Woo,Suk
Eli,Brumbaugh,
Chaitanya,Ganoo,
Yingbo(Ellen),Wang,
Yi,Hou,
Hersey,Liu,
Carlos,Abad,
Edmund,Burcham,
Alice,B√©rard,
Yiqi,(Carl),You
Ray,Zhang,
Peter,Mocarski,
Yutian,Liu,
Nitarshan,R.,
Qirong,Ma,
Yang,Dai,
Yajun,Gao,
Chao,Zhang,
Jeremy,Huang,
Kirk,Zhang,
Gabe,Radovsky,
Jessica,Q.,
nikhil,simha,
Andrew,Pariser,
Andriy,Sergiyenko,
Nnamdi,Offor,
Mengqi,Zong,
Zetao,Wang,
Michael,Sutyak,
Pasha,Krasilnikov,
Qi,Zhu,
Min,Chen,
Hong,Xu,
Bill,Ulammandakh,
Tong,Wei,
Kevin,Cho,
Justin,K.,Chen
Jeremy,Smith,
Joao,Reis,
Julia,Khusainova,
Florian,Andes,
Bo,Shi,
Steffanie,Arnott,
Yi,Duan,
Zhenyi,Li,
Alfredo,Luque,
Deepa,Parameswaran,Dhingra
Ahmed,E.,Khalifa
Kidai,Kwon,
Dylan,Hurd,
Nan,Wu,
Victor,Chen,
Deshan,Tang,
Paul,Bramsen,
Xinyue,Zhou,
Yanlin,Chen,
Alexander,Ko,
Arash,Rai,
Dapeng,Li,
Nicholas,Moschopoulos,
Yuhan,Zhang,
Anshu,Bansal,
Tianyi,Wang,
Nora,Tarano,
Yizheng,Liao,
Nate,Kugland,
Kartikeya,S.,
Thai,Nguyen,
Manu,Reddy,
Patrick,Yoon,
Viswa,Mani,Kiran
Daniel,Hedblom,
Ronald,Langston,
Cassie,Stich,
Jin-li,Luke,Chang
Rashida,Brown,
Shivam,Dhawan,
Amol,Jain,
Iv√°n,Regalado,
Theodore,Tenedorio,
Yiyong,Guo,
Brad,Hunter,
Carlos,Gonzalez,
Dillon,Davis,
Primus,Lam,
Liren,P.,
Zachary,Fein,
David,Qian,
Michael,Pauleen,
Emil,L.,
Ziheng,Deng,
Stephen,Chan,
Jeffrey,Picel,
Jefferson,Lee,
Sean,Abraham,
Jiaying,Shi,
Bhavin,Gupta,
Amanda,Chhorn,
Kai,Brusch,
David,Dolphin,
Cheng,Huang,
Wenxiao,Zhu,
Rong,Hu,
Jiaqi,Chen,
Litao,Deng,
Krish,Chainani,
Jun,H.,
Ying,Tan,
Jason,Goodman,
Zhiyao,Wang,
Sophia,Feng,
Li,Fan,
Luca,Beltrami,
Robert,Koch,
Mary,B.,Doyle
Mike,Jahr,
Shreyan,Jain,
Dineth,Mapa,
Louise,Beryl,
Taido,Lantz,Nakajima
Jian(Robin),Feng,
Erin,Coffman,
Jiafang,Jiang,
Di,Wu,
Marisa,Jones,
Shashank,Dabriwal,
Chi,Cheng,
Shuangyi,(Cassie),Cao
Martin,Wang,
Guy,Duer,
Robert,Doxey,
Cynthia,Song,
Jason,Vytlacil,
Pranav,Harathi,
Matt,Williams,
Ke,Pan,
Bo,Yu,
Anali,Sakhala,
shengyang,wang,
Jipeng,Han,
Qixin,Wang,
Ajay,Prakash,
He,Li,
Yuqi,Zheng,
Hannah,Xue,
Chen,Luo,
Wanya,Huang,
Zhipeng,(Gavin),Tian
Jason,Lovell,
Ke,L.,
Hao,Zeng,
Victor,Chen,
Shengpu,Liu,
Jerry,Luan,
Mousom,Dhar,Gupta
Laura,Kelly,
Degao,Peng,
Camille,Mizony,
Federico,Ponte,
Divyahans,Gupta,
Shang,Ju,
Chase,Ziwen,Cao
Xu,HE,
Natalie,(Xingnan),Xia
Elizabeth,Ford,
Jimmy,Ngo,
Tony,Huang,
Laura,Skelton,
Bryan,Dluhy,
Pascal,Carole,
Maja,Wichrowska,
Dorothy,Chang,
Xiaoyu,(Tony),Chen
Pierre,A.,Lafortune
Jingzhou(Joe),Luo,
Kristenelle,Coronado-Kaiser,
Hongyang,Sun,
Brigit,Lawrence-Gomez,
Roshan,Goli,
Xinyue,Deng,
Karen,Ouyang,
Ying,Zhu,
Andrew,Cheong,
Lawrence,Jiang,
Shengquan,Yan,
Alex,Liu,
Simone,Harvey#,MBA
Blake,Fedderson,
Z.T.,Yang,
Hongyu,Song,
Keziah,Sonder,Plattner
Juchuan,Ma,
Elizabeth,Tian,
Runjie,Zhang,
Chuan,Zhu,
Virat,Singh,
Kristine,Eudey,
Robby,Zehner,
Adam,Rust,
Mack,Yi,
Hannah,Fu,
Leo,Rayz,
Michelle,Leon,
Lucas,Smith,
Fred,Wenzel,
Andrey,Mereskin,
Gabrielle,Eliason,
Xiaofei,Hu,
Elise,Tak,
Purnima,Mukherjee,
Betty,Shen,
Jess,Bullock,Gordon
Boyan,Li,
Timilehin,Fasubaa,
Roee,Avnon,
Matthew,Lee,
Griffin,Potrock,
Huirong,(Ronnie),Zhu
Kyle,Molkenbuhr,
Rafael,Musa,
Bradley,Barrios,
Andrew,Winter,
Tara,Oberhardt,
Narim√£,Santos,
Annie,Cheng,
Cherry,Zou,
Alexander,Wells,
Ban,Ishii,
Agustina,Haime,
John,Vu#,CSM
Dibyatanoy,Bhattacharjee,
Dion,Hagan,
Derrick,C.,
Pen-Fan,Sun,
Jim,Odom,
Jung,Kim,
Spencer,Chang,
Guillermina,Santana,
Alex,Blackstock,
Lauren,Ruben,
Priya,Matnani,
Patricia,Coyle,Fletcher
Andrew,Hoh,
Atul,Kale,
Sen,Fang,
Prashant,Ramanathan,
Kristen,Wrenn,
Alex,Guziel,
Michael,Saltzman,
Alex,Sommer,
Marisol,Bueno-Brubaker,
Jose,Hernandez,
Rui,Aguiar,
Austin,Jacobs,
Adam,Wade,
Gavin,Owens,
Emma,Liu,Baumstarck
Trevor,Weng,
Hwanghah,Jeong,
Stephan,Boyer,
Becca,Campbell,
Jasmine,Morano,
Salma,Khan,Wornick
Benjamin,Wilkins,
Elena,Ontiveros,
George,Horrell,
Jon,Gold,
Jameel,Gbajabiamila,
Jeff,Hodnett,
Alejandro,Fernandez,
Shannon,Lin,
Stephanie,Berg,
Tyler,Townley,
Sherry,Frey,
Dean,Yeh,
Linda,Holland,
Sarah,Zoucha,
Sergio,Camelo,
Katie,Shank,
Dan,Hartman,
Marek,Zareba,
Ryan,Huff,
Charlie,Birch,
Brendan,Lukas,
Ashley,Chen,
Bosi,Yang,
Alan,Cheng,
Kelsey,Phillips,
Augusto,Ramirez,
David,Rincon-Cruz,
Ben,Schwennesen,
Luvsandondov,Lkhamsuren,
Gabriel,Siqueira,
Tom,Galbo,
Julissa,Higgins,
Melissa,Whitmire#,R.EEG.T
Monika,Charyga,
Tianyi,Huang,
Amber,Lewicki,
Kim,Kimberlin,
Lianna,Mae,Smith
Carole,Whelan,
Cody,Rutherford,